#,asd,qwe,4,asd qwe
bd2b0d9eff531e436e257bf0581b81fb,,,,
cd5c3336f1e9caec1645613fd9987fc3,,,,
6defd1189bd1e44eae59cb4f07e1aca3,,,,
0daed4dccc1bde865e6dce914920b89d,,,,
9b63bd43c15b5011a7eaa05a2e5241f7,,,,
d32fad7391b51a9ec299066d3b42a4be,,,,
bf83df01bafa9973494d3276a888ca42,,,,
752bdfc7be656f9e088df515993b6ebd,,,,
8d0675e36ba707ce2429199cf67c4018,,,,
81cdadd502c8ff3196333de5f319f7c0,,,,
56205e9ef4098705a994547acc56d1e0,,,,
c06e26e8006926dd36a737fe87dc0880,,,,
283cce89ab8b1cc7020aac66dba02e70,,,,
ad120888c22fdd28884d6b2e384977b2,,,,
d30d44c97d69327a953cc4a3dcbe0cda,,,,
8639ab7587d8230f649ff79ac627cb78,,,,
e848e8b2d5ce91412693e24cf5122a8b,,,,
c1273a6a0b0cd7c3ce1a2c49f8dd58e8,,,,
dd49a33633417779ce69cb8c930bc2b2,,,,
f7b2554dccf8f302c3463a7ef6ef0843,,,,
ddb28560616ae41352fbeea7aae47b19,,,,
77689d2dcdc07fab5169b54faf86948e,,,,
a6a182cae546fd4287e07d07ef70f0b9,,,,
cfc765d1893ac62a2048476493205d2a,,,,
117e6c2fde106f46ff4c61e9305c84cf,,,,
6e4a0dccff67769fa7338692af4fd9bf,,,,
a0f28d429217fae812d1ec898efcaf13,,,,
7c36120ed598e26fe64f1b5da1b5dc9a,,,,
58502092e518d046531a0fe766043ed0,,,,
ee9c3aa69c02a9919b4851805d44e796,,,,
84658e2b89d71a48beda52700f448abc,,,,
a9b60791baab85685e41c1c900fb1f41,,,,
04e6466d92adb80ad45debf71d9f3ba1,,,,
9e6d4d2792799055f05043bc29db54b7,,,,
0ab5a06bf1c1d2467f6675303883a1ac,,,,
6e91d41fb1aa4194668bbf6e11bd5511,,,,
53a7611c9a30834b3a5065555e3f07e0,,,,
2f7d6000f28192bb8a3bd5a002c3129a,,,,
a2d16f3d1f57fa924cd164157aca2f36,,,,
cb5bbeeebbb28565e21d5750791e2786,,,,
d3400cd499b247dbc7655d3d82063c00,,,,
6d93e579f320c17ade8d5ec65c12e845,,,,
721b18a2867ecda2c82e79369f31edf1,,,,
80c2e6616262d8553ce8e13f98fb24d8,,,,
809985c6aa77eadd863b8013b0151a9b,,,,
c15552f2096ca31d09ecaa46473a1106,,,,
f08fc274ff8ce61e8e58b689db096ff9,,,,
6169f33a8646a7fbfd04ae21217eba9d,,,,
27e17d801e3e2bf49599a6153a3d9aec,,,,
29f7f7806a1328db68db7d4f3b10a232,,,,
f9b098132b0df44898e055116696e6f6,,,,
a3102d8edab4f91334288f977618abfe,,,,
723827652847fe3cb97fc92e917d79ea,,,,
b2ec0c6ab3e1e21429186a120ee21ec6,,,,
186e3c308d75a155b474e218e74784bc,,,,
f7567e225eeebaa58f28fe3593683bda,,,,
258de5ee467fce1e3ed0c35fb610a0d8,,,,
01347b74d941495afb5fa8e812b9803e,,,,
0605c7c1b2ec50a5c44ce92369e82b68,,,,
f8f0107591bba48c107e832e92d861b1,,,,
7250f92824502da9ec909e01fbb31355,,,,
fb23bfcfebeadbcb7829016d37fa38fd,,,,
045ca26ea7851291ecacf5202d96515e,,,,
c62b32bdca5ef11c2a7b8f776ac93260,,,,
b6921d48a33fe9961417ef7f7b90f64b,,,,
e75f2b59ee3df9e4dbb45a29a6468465,,,,
3531ed6b970d1f39694885b3c570b507,,,,
d6eef443ca1d38b06ba9c80965372f84,,,,
76cec86f064108fb49ea5c878803ca2a,,,,
489ec41968f9a0344bbec30fc52bee66,,,,
ba6c4c6113a9762df82e3ed563e387a0,,,,
cf58d0ddaa0610820c725765a2c260e9,,,,
b3085a51d9f2c1daf5e51f8bcdce54ce,,,,
286304fd809b6c3d5bfb831c6f43a278,,,,
fbfe74151adf91bf2885ef15c3970a0a,,,,
43eb420e1fe76984d4634af6151e3dac,,,,
5f6c5897231cb1a744561923175cb076,,,,
651c3961be5d685b406ec03c6b6c7e86,,,,
f450eb7004fa97a9d94dfb36813dd8c2,,,,
b7554b9cd7236810197b0dc652a76102,,,,
86ee0f2c410a71b54caf9878430701dd,,,,
6a72e04a7c016bec92d5208ff56ec6cf,,,,
c3ee33444ffc38be8dc47bbf85caeda9,,,,
1c66cc8e1fabc357d714b881a23947f5,,,,
466ee2d894fee04f66cf58959850b392,,,,
9dc3df7a35902001e078f915b310f2e7,,,,
063e8b8efcb11debb21f79d356ce4041,,,,
95d7cc9e7eba6b01fa547356729a983d,,,,
a0847fcc7e4547e9661701c8eb16f684,,,,
2d336677db3e3a565ba626aa303b4047,,,,
15a57c93a267db6ec53fb11a4c11fdbf,,,,
691a78d6c35b0999eb28f6883164887d,,,,
ab308bb687fe18a54a35b87fb7521ebc,,,,
c1d1c63a4685053354a86d086ac2b735,,,,
159499aded08fb093bc174a66fc06bf5,,,,
4fec60c4246046839b5628189c11c13a,,,,
221eefa3f743db777db445ce02cc0281,,,,
20bbbe517811f576c55a8e39fe0345bd,,,,
e9f267ceeac34f945ac2895d843f211c,,,,
6e835e67ff89fc7bf13066eb384ddd5b,,,,
88f56e45842ab528896ec6b17093b8e0,,,,
b7e9468083a0c5b3e286ccaa81ce19ca,,,,
3aa3982251d40be7a05ef108caa1a22f,,,,
072318b2ca7de838972125c58b7bfcae,,,,
6ee085b1f5b4729b569487cd5a57465c,,,,
4aca0f9a576f461425d3db244718640c,,,,
2e94bbf7512522a664c4ed82f39037cc,,,,
4fc8cf082536ce2c3a1a31d5515f68e5,,,,
f396d9d79aff7263849ff066ce495f5b,,,,
cd9d4c0f6bb0ec388e49f746307f3a11,,,,
73b9c69d08e7a84940fb60b57d810418,,,,
79714c6d4c91ab845f6c08941ecad27f,,,,
99dd3e64c028c092f2cc2d5d9492412c,,,,
78efa70690ea49968f9679d9ad7431ea,,,,
43e48c684ef8ce66c30fc2cd074fa77c,,,,
14d1cf49bc07fd8d6e4dd4cce007c160,,,,
d48172024edc391093417b8e3fe03eb0,,,,
18c40afbdd7ec53e8eb186990328cf49,,,,
a6eb8447c2afc7664d5d0e810bc3d431,,,,
28aebc19a4e58d8920314e2f3ea469c1,,,,
772424088a019f4bd72a3b666f8b370b,,,,
8bc05d5a95465c75e2c882369f5e20d2,,,,
358485d835185b011abd969f5545ca0d,,,,
d71c713c4b865a888e6e3ba75ed2a569,,,,
db53ea25e04ec1502ffaae4bd1090488,,,,
67f6764bf8edb9f9fc5a170e6252b99a,,,,
dc7ab9c12d47c4a5b97cea9e548edbe4,,,,
d936e1b9e28b5234021420670e144326,,,,
81d3a273a1fdb31e1eb88c597d449dc4,,,,
dc9bf01c1277df4ab322b99d98857d31,,,,
10d160274e950eb7f02d2ce0e049e293,,,,
b64ed822934710a6f29e08e3c9d63e66,,,,
bb1251a68a89d90cfd5a3aa01c460792,,,,
25f8ab1eeb0bb19f591f175520bb082a,,,,
772a4342be4a977f9a6a0fcf3a741811,,,,
061e178debe612f50ccdfc1cb39557ab,,,,
2584cff03fe7748d5a7e2e9d59db15a9,,,,
49de9eafa10390948547749690a3282d,,,,
548f06f04f2c1c05f78697b91976af72,,,,
41d203439efbeabce97f1909793bdb45,,,,
91aad03a6752b525b0f9828482be8125,,,,
1b98330edcd87de48ba83ced1a6dfa04,,,,
c2ac1509d903b817ca06bad065d288df,,,,
43982a26b696d5a98f4214659ba7408b,,,,
a45fdc8e714ec4e9c64ed8205664ee81,,,,
657af07bb07632a5ed60125832bae72b,,,,
0df323b5cb2e6f6479a497d5dd37749f,,,,
7e51a760c47aa60444c74d6c909b8001,,,,
028f5cedd955e524cf5d471f466214ae,,,,
5f51bd670466b26ec060153b04185b12,,,,
8a228ca55db991d775ddf38f3b7e9a3b,,,,
607aae055ac211041cfc794230bb57ab,,,,
ed5833276a337db64a09190e24e23e58,,,,
f8a63f6349a08145d47c135f6122c400,,,,
8c4d22e973785c6f42cf58197bbfa293,,,,
fe7b30b4a4393327cd4265d60a330a4b,,,,
3e02f69e22130b1e997c08ea8851ec78,,,,
6e8764f581bf305dc05823561a8d5791,,,,
56fcbab66a10baefdd3c1c1d7c122fb6,,,,
47d2d8aa620f0abe3a2c4ed0c8f8bb9b,,,,
8c423b7ceaafeb5c773e411011730918,,,,
f5f6238fd25025a4cf494362c2298501,,,,
05572327cea6fdfee7caa3a0c962d1bb,,,,
357ed0b0ee873a1782bc49dde1e53efc,,,,
21ac39a68830fa4f283f0a1879612692,,,,
602ba6c90b2e7fa4a12875b004aa85a8,,,,
4ad1f90b69a4231ce1f0fedf83550d8b,,,,
58bf32e8f0211d4a058e710cecfcaeab,,,,
f6416ded57f30f4dc226629b9a1ae123,,,,
3b6d3ffa3c773d6a31d813492a8d326e,,,,
f8e0a9305b44a27f81b11bd3125e976e,,,,
7edbd5a2315e63c8f5e105701a0b7d12,,,,
1e75452814a8a89d5fb1608166e49541,,,,
157b9757aa2692e1e4d32e9d1f10d792,,,,
db66903d2464cfc1eca4cb7fa982aecf,,,,
f704142abb7f06e03b0968ebc82367f6,,,,
daa986943f518204d198aa89a8197abe,,,,
b9c936a36531da2b6a55afb6821f99c2,,,,
ed9d2025266cdab970678ba3f1bcf772,,,,
275029067ed113799e2372e63ac7fffb,,,,
c3246d21b38ee40f336af412e20d6bff,,,,
39287be1b5a997662925cff01c6fa9de,,,,
e5c1d1df78ad090ea63f048eef7653ac,,,,
008434e4671fd3a913ee97d9dca09d75,,,,
66645df906c2b0d76f45f64ac0027820,,,,
7c800c86bdea3460af5772e69826ad1c,,,,
b02c59e17256a61b53d7ef86bb5db1a3,,,,
a67d6e91d9c9466a9314d32fecef88d7,,,,
5ad6e7a8982035dd7de126044860d2e3,,,,
4f58dc79383c4bcafaa4b1dd869fc585,,,,
b3fde885d198178a3f92ccc2a9df831f,,,,
ec1aa34d4f9dd95c41bfee85cc8c2b47,,,,
14fb1c34352312f5eac9eac5e53d8eaa,,,,
b8627be156692705325461ac23fbcc36,,,,
5eed8f9ec9adacc97652290515e63ad9,,,,
67b2af59c1d450db8540a16593ac4fc6,,,,
73b3063f278285432a50dd96e9248f7b,,,,
c5464743fa949ea5478a5eceaa90f655,,,,
8c9afe4c6f50312f83d3d703da03a3f8,,,,
e7b8e99e97f1d0ff9c0e20af2c073b18,,,,
f47b7f28e3ed593938f43f63148513c4,,,,
f417de4fed100af0bbf84263be9ac0b7,,,,
0c5522ab0bfe8ccafcf6b164c3ae2a01,,,,
f266cd0204f1cde4aa0dcf011a1cf821,,,,
6ee92874d1aee4ed0a9bef7a9a88383a,,,,
c3dbe0e062bc956bea0931efccdc41ae,,,,
2df3826d42a86362a29ec5a91f6479f5,,,,
4289e5357538f157dbb1a268f7e705df,,,,
6580bb2ba009d420204f0bda0f29affd,,,,
76c4e219dd2800226d73a6a59afb75b8,,,,
97c5b8bef25938146b6bfd3943157f89,,,,
d7eac9a651f9b46d31008a1a2ba8518a,,,,
a4f626bd65ced0a6dfaa1157444d94e6,,,,
5bc697a5b3c5ee1708e82835acd69b67,,,,
a923a99c9bb3bda2126d68070e7ac22c,,,,
e3165eb7ef792be353da7533e9e1a3a6,,,,
6b5b101695a71afa9aa5ef095270de1d,,,,
82b1ec49b2a271b6c8eb9c925c271201,,,,
763c0d9ab791e54c1414210e2bba4499,,,,
043507ab9b84a8a6e99dcc5d5fc5d906,,,,
70efa680d6607a838649b6c5367ff481,,,,
5291753c64fa6ae854f66834479e23fd,,,,
eb53531535ec6db434599b3f7f13f1b5,,,,
c8a9123e1d7772b2f934236c9cd7fa67,,,,
16d5a6c77cb0680d46b5d03a68653ba1,,,,
bdfb6fa7e9e82903acfe02f2228807c7,,,,
d0f85a6cb9b29f3665461a36813df5b5,,,,
09c22ea728c9979897d0747cf8ffe02d,,,,
d827b516bcd5aa2d200dd9389a1d59e3,,,,
9e864f139adf64f7fbe288cea9ea884d,,,,
bb6b1c9b32bd3adbfad6dcce75574eaf,,,,
9b415963f46f253a4de4e255516f826f,,,,
3a26760db99c1f5305275187f03b0340,,,,
28837aa441042907deb595713db65361,,,,
a1980c3c6873f14d8f3935d03ff35a7a,,,,
9b81893ef3d57d5d44a528d574483a16,,,,
fd3cd5dc1c1bed1481cc79dbad542ebc,,,,
c6f7e248f33c9de4ccb572520021aa4d,,,,
0d6caa120fdc69856e7fa651b7bd87c4,,,,
2fff0eef7c5f40859a8f6c589899c154,,,,
b5e352855f360862e6ebb959350fbc7c,,,,
c4329503211c080f7d5d60bb641b50c3,,,,
f0cc0572c46e7c64d947022d29d1700f,,,,
738682ca61e44546361b1e4fc0596bda,,,,
1adc42a42336ceb626131e1475139dff,,,,
29f03b1763d239eed89e8e15973a7a04,,,,
514cbf96979623adf3bb7bc99f89c153,,,,
4ed787ef8d24b5906f5084d4355a3e97,,,,
550c9f904a9593fe9055683e15e341a6,,,,
9cad379e51412b065ffed58cf82974f9,,,,
92bb0257e3f0d93a1f8411d493e3be12,,,,
593386e10ab8ce9f43480a260b5192a1,,,,
a06dbc1a7358b1a3494faa47218f0e9f,,,,
3a727c3a9a348f7abb2a5c92c1dfa131,,,,
041f12896755d2780ada9271d1047a51,,,,
d73f7f4903c4f0fdbf86586ab7badf58,,,,
47c182283c907c7b522480ee4832240f,,,,
b9edeb784cce5ed9a6a14c5c28e3846d,,,,
59e0ed4284536bca47a564d1f17442a8,,,,
e306a86e4f4ba22291dc771ee6618f54,,,,
34c9c98cdb2e72b7e3d8217c14f01614,,,,
c09ff665f517aa0b827fe18d635a12d7,,,,
b045ddc3aa45bd15bfd8b31c16e9d9c1,,,,
4009973fef933794015240e0a09af3c9,,,,
19928494a4b173727e87fea507b984a6,,,,
212b3ff5299634c34253b89bef45d7ff,,,,
1ca06989bd8b1ab966cef6166a965079,,,,
8ae142cf5ca0e68e70966788869d0d70,,,,
7e6ae5c56cc1d96270c08108f42debed,,,,
406b1fbbc27c5a1f99e97fe8d999d6dd,,,,
ce4c0e1e89897eff928f2732c07536a5,,,,
430d2775bffbea75c06c7c378f2a88d8,,,,
7fcaa508ad32988ca263b3d212dcdb45,,,,
e8804bb9d0f929a7169e918d764feef5,,,,
df5bb5541584f50054adee713496afd7,,,,
c9e7e6332f369645d8d494b443dc9020,,,,
ec3cdd2582e74936799f5bbccf3d9a0c,,,,
a77405018354ddf753972b5aa4755f80,,,,
de525d6cf3a2b61d18a478c2b4e4bcb3,,,,
9a510a5e31f3c0df0aeeae33e37e0229,,,,
f6fc16d167bc0aec2c11c62379b3b995,,,,
49d0b08faf79bccbb10246ba06386b55,,,,
e5a34a4dc3c78875e6aab194a47eb048,,,,
a90a83768b1ffac09fddc8c647d16552,,,,
54ac27c085a3c9673d6427c2331a27de,,,,
2bd5188e319c7c50c407de785d41a156,,,,
3602b0cb63fee4fbe6dfc9f5c196d7d7,,,,
e021dd08db75c2f862f0b619e4ceb54d,,,,
6f208d824f6341a5ebcdca1ce7b443e1,,,,
2df77caeefb3b1c132f10b98a5104765,,,,
4b19507b1545ee0e3d35f42ea5b61279,,,,
ed9c7c5559add29832c58bb4ac9769bc,,,,
37a069f6e6064331ff0cc6a6ceeaa5f3,,,,
23f5d95c4eaf99f38f4ab3df3073ebbb,,,,
10f7bba105d6db099291d01ddae64ea0,,,,
b000efc8ab55108f2aad20b78656bf06,,,,
7c2e084899f948661b50033f79dfc4e1,,,,
ba61241a25409b691b00744a92e5c0d9,,,,
cc0e813927d7be01fc9f1bd25ea3bf9f,,,,
2e12a589b6e9aadace13961f7d6dace0,,,,
e5a5ebcccba9a87f0eb71e117dc9893b,,,,
367eb292c72d2ac7d3f7a6eafab73f77,,,,
e506f88d319a9c4ca65ba34f7e43b1df,,,,
0bfacb027775e3797d9413a81ee240fd,,,,
e9c3e51d340d4ce64aee5f7c6fa0c2a0,,,,
40a07ae8fdeafde62b043c957bcbc8e2,,,,
2cf78b7ed6e81c5c7d3380c7d197b20e,,,,
d62815828a3a34ab9c2778c20453aabc,,,,
b9fbf8ca4bdf3cdaebbde3f6bcd316e9,,,,
dac80834578bc168b91f1ae811b85067,,,,
5df2acb1b708f02ef79f22ddbb82b7f2,,,,
5e58682edcb699e2967e5ade0207e65c,,,,
678e46cc6227179525157cd8d6dbc0de,,,,
b4dbe1622fc5f0b441235a7486cabfe5,,,,
fd88c9e5bf7cbe13b69b9d12d85d073b,,,,
cfccbb50369c1a2e5d213cf22d644b5c,,,,
80af9b459cea10f17e8d7712dd275c43,,,,
45e48d71f91d03fae2dfeb7789b3904e,,,,
cbf770e705f2f6749699faadb48338df,,,,
a570d50989ec5df34a19c5498c152634,,,,
f807b6054e2c284049b528bc0ad84c76,,,,
606a42d2ea764cdc6964f27804c82ba4,,,,
480161799327a45ee1f80f7d9c899ec5,,,,
c77abec58a4f17e8aac1a41c26ba88cf,,,,
33345d83aa05cb1ed473a4a9529340b5,,,,
1451f4c7087875ab4cc1f86320d7c21f,,,,
f53e96fcbc9c4da9e8e4ab7d81dfbfab,,,,
badb2662692adb053203aff70a051155,,,,
e5d703bb38d5b07b210551a37a4c56f5,,,,
21d112f70eae5136840a8f10677189f2,,,,
1ca8aca8031da94e8da2d0dfd6b6269d,,,,
87c740e7bcc12b7409c4c759f8643bbd,,,,
f97e84a5daf01921f1351bdaaadfb33b,,,,
4b36d52d4a8523befab59f85eb29eedf,,,,
74adafcb1cc2904845eee4ff99b7d59d,,,,
4ac191a2d549caf4c86c7e6702879123,,,,
b286e98ed180a063d4c82e57d411e370,,,,
adfbf2298229f34cdbb90ae51d1d82bc,,,,
57a1319a47dda62adb5455bbc926c494,,,,
610f5f7259640e0431c431d1fe49582e,,,,
8ae43be7f77ee28d078de6cc1b1c563a,,,,
1f2c813a573cb74d1d77cce33d52070c,,,,
33a66c54ad3255226decb82311cacb6b,,,,
ad47f1c9e7f0248ba708e7e83183f035,,,,
3ed3a37896665475cd51451f1f40299b,,,,
2990490275bff0043a7eaf9f3d02d3cb,,,,
902f7f803669db988a103920d8bf47a8,,,,
172f0f008ee450cf4ce3b563dc82ba88,,,,
0f1f15fe8826eb81057c691ab2933b33,,,,
048e699ccbb8bf7cfee3e23178ad5510,,,,
38c6acd549729c60c65843639eedf8c9,,,,
63ea90ef6bd794f5b2b10267e48fa08b,,,,
53dd9ce437385316c5ebad539a1264ed,,,,
0da0a384ed93d21e3018d1a7b222f802,,,,
a718dd4cea4d405216a0d2c6e449f0a7,,,,
4e12fdbd5fa7b943cb5be814019cfb63,,,,
e1360c97422139c549cb3d0db12e81d9,,,,
9257844b322bd2f081cfbc0fccbc3552,,,,
219fe33579362e72aafa3a4737cd4bd1,,,,
dfacceaa6692954aed4f3c6df0c78ba4,,,,
294830648c5203fb62fb294fe018e041,,,,
141634b71edcc1eef2f9b22f70377b05,,,,
0f55532d874d79802d12858dbfdf1fd5,,,,
240c9656362c35755c3b1618c27ffd82,,,,
419ae9918a5536d69309613cd1fe03fd,,,,
f5f2c938eb849721354e76674a9f132f,,,,
9f705b65937f834312f13e56feeae9a1,,,,
cd0e2d9ed67867a6653830d4bae36df8,,,,
51624124490a09817b27b862383b0433,,,,
161b5dba36b77572bdbaf6f954480566,,,,
22409c85380f3bf17619759d54c5ca59,,,,
ab4c3b308cc4cb4d83f88568ca87f830,,,,
18eaf0bb4a04437d7e8c2fd91123e3bf,,,,
db94fdc9eda197fb776def418de37e99,,,,
f0c8a4e3dcb7c0fd4f5c941a9d11e665,,,,
764ec4f2702a3f56f2f2e982541e0f6f,,,,
d88ffb2fd20bbd40d10e3e6f2ee9a376,,,,
1488fda431c97037d01bfe3a9e473b35,,,,
74743c00a0a397982f00eddd762bb173,,,,
87f3c586c64766312f237ab39032435e,,,,
a5d073e31f0b4aab18633c25c90cd082,,,,
f809be8a066d8cbf3ee8f55b9b9110f5,,,,
61d60917ffc7eac76076d1cd7766a47f,,,,
9ba3aaa3a7669582ae2bf950a9b5c379,,,,
644b56b84d2b64357f6fa7f1f2f441ef,,,,
bf19fb24c1c0d30105f9e259e4409013,,,,
312571c3fc296c8ea5c6052dafe56787,,,,
c0cceecd520d20d31a9a4e7dd0bb5e45,,,,
4784f307482e8b5f9ef11bcf61e37502,,,,
ce43461cfe800481384a2dbc618170d2,,,,
d286ab4e94b94277bf8e506c8b04fb29,,,,
21cb5b51e315ecea20130a1c5f18b8d3,,,,
085ac3f013b631a0c085bab9e9616cbd,,,,
03d3f970de0a18c971c4e0ca4addf8ba,,,,
bf4261cb6cb3c9b01e15e212bd5dfaa8,,,,
4de2777c2dccefe3ffe3c16c90321e1f,,,,
7b3b64c13c7a8573d859b487a2dd71d2,,,,
e044ced65059f733d9202097bee51af6,,,,
99b1ab37cadd232263a5a9cdd952445d,,,,
c7fd17bd68ed2a73fd6b9a9d9d98dbdf,,,,
2abb0576782b9dca84e67542a3043123,,,,
d9346d749654aceb716ae58d0d1c4d6b,,,,
76336d108841fccf9714a0b46f0af7c8,,,,
58c1eea9d31e230e09d52ac0c6805f18,,,,
e2e50b86df1d7793567ba9cb3618ed1d,,,,
dfdc75c0cb861f0d2966f7fdcca06cd0,,,,
ec3770804c4a8f537d5ce42248c5bae6,,,,
495bbb078310751fbc6c8bca5945e6f1,,,,
94943e51a0f85a363ef6c67fb7b49c5d,,,,
ce1b76055d096923f4a093952d163f03,,,,
87cbc9d51e596642aa61fc9703d5f963,,,,
5eb32d19693b7f816fe0c43a31630f66,,,,
9d86b8d7904657210e4521b2865dbfdc,,,,
95e18d47eb84bddf4030c4a1a2c60ed7,,,,
54053113cb73692b033bbbdf688fbd09,,,,
2e51153253f5835b119629ba430a0934,,,,
80116c39f8f3769fbdf0b3974400f052,,,,
aa69dcb3b4c71119d9df0ffbece30c03,,,,
892568098846c7a1e85636c884e477f1,,,,
bd88a9d524ad1125ad279238796e7abd,,,,
de1448b6d8a43e4952a05136cddbbc4e,,,,
3b754f24bdf355d3fa478d20bda1fba4,,,,
a37baffe73084f6897d10eae5de1f6fe,,,,
5f1af274e17b11ad3c3967ab8a38853e,,,,
7b637ef15ddc5a815a41ddd146b10676,,,,
cf697f761f940ad32f4102c01a24ae1c,,,,
f5dece384f91e3348feef5bfa3c21b08,,,,
3ca8720f4c01d3d318b673e5f3ef799f,,,,
0b058223966190d071e5c483f8fa293d,,,,
cfd98963a1d03ccbf2cd9a5512805910,,,,
b012c56330ed36152ed6936fb29c3ba8,,,,
1ad5c5452d1189d5f0b6ffc890279854,,,,
2238222944bc8f99b78a9abb0d3077d6,,,,
1f2c7f2a1ec979589c45b0266b774af2,,,,
29ae1c78caa85fdc1a9f4219e70be1d0,,,,
0648ae1817024db5b59e06c2d79cf783,,,,
0c4a6910957f9b9a607ec9cd8ffea822,,,,
6f955962b89d58a77d0c36375fd8a611,,,,
da26a239438afe4a7d2a586c67dfe717,,,,
6c06fa98abeb5941e52494efee3163a4,,,,
fcf52b40707e519552eb755298e31fa1,,,,
92b0218acd3e7c0dd6376e087be28805,,,,
c145d58382b366ac01eacd0e46a7b5e0,,,,
0b4a01aff08239d8705a032b901cedcf,,,,
cd208242f3893c999dfae1097d9d7807,,,,
20ac7a7c4611557b508cd7685d2c86da,,,,
c808cfa22c22a10656f16f244b9d47aa,,,,
7f8ef5d024390c350ebf9d8f7f84fbe5,,,,
cd1ce4949f2910bc6a1266d659951a1b,,,,
f1d0cdaa2819b49f94b0e4bf68aeb9d5,,,,
9c66b5ffda838eabe399a5a6aeea13bb,,,,
e629d7516689104363646db54b8df79b,,,,
0405f8a661a9ba00b43968c510b91ec6,,,,
fdc6ab17a14f3b5f529800d9c2912b6a,,,,
e18a689daab511d3cc742d6c3ed00fa2,,,,
7d92bf06f2f11b85001c45b85529bc2e,,,,
3f6857da3178946b5a8e2269ecbdb898,,,,
57011163b4696497c9ded4ba40e7c4ce,,,,
d864e938509d4fb9abc1d5a1aaf90bd2,,,,
d871f2da6325f7c33e74264d7f55da7f,,,,
b880b8851a8159be6673360991cb0eb5,,,,
c90aeec047a78b835166b223fac7e8d9,,,,
b856f20b5df5d59e77c007732f8dba5d,,,,
545c6f92cccb36fdc32a7719fc219b2c,,,,
746a43bc17fd3e7cd717802e1f4a82f9,,,,
483d4c286b988bc4a52b29224a903aab,,,,
d8ff07c7f12934a96c740cebeca3a18a,,,,
bbb2a4f2ebb0866f1f5d868884afda37,,,,
81f002eed45267e151ea8574e04eafc4,,,,
71e184f06290d14cfad4088de1461216,,,,
43996ba2aab4df7834a60742a511ea4b,,,,
2194d57820e221ae45c95e11fd3d014b,,,,
bcba9013656c4338abb2b4f870ca9e6d,,,,
62f5f96f2725bf73a02ef98b50d4a67b,,,,
ead537e2346a5825bd5e742d5e6628c1,,,,
cd587b55ee7ca401b9e4628162ed7b6a,,,,
0b320e27209f87530864e679723d1a0f,,,,
210c16c2fc87d443be5d331f7b70e913,,,,
d67b673d3fa02469502fdc2128743239,,,,
60714b4706d8da083eec04ce58508684,,,,
7fcedd04eae47b327ee11d7f5e3b1bbc,,,,
0264d6840d151e02854a524293ba6b1d,,,,
6f498d941b60a9a991f6023e47f36350,,,,
e10947697b7c98100bd32837cb767bb6,,,,
9778156894787ff827dab1a75dfa7625,,,,
9ae8877f81408e18f6d82f9e7b4a07d1,,,,
a51a23e026678a538912079e988855a9,,,,
8f7b66e0a3d8cb702c7c2a5309931fcc,,,,
f1fbb8761cafc937b5bf2bd97b54dbe6,,,,
b9e1ecbd6561d77da3e85867bd30447c,,,,
c76aeed89093c6cc5ad2d624e6ba7e3e,,,,
e4f48433d120c14cebfb414859ba3c33,,,,
b36f8db9aa1245daf14bc92240dd8812,,,,
9cf272475c2f8ddbd925e916b4b4dbb3,,,,
dca27ba610065107869ee4602897ce13,,,,
8192b153d509eb1c75a00c54f41d8d3e,,,,
f9b191544eeefa7b275659bb5b9fc31e,,,,
ff9e380eb344349f3904a4cbb832fe1c,,,,
dc301dc3e9befb808e89f9763eb1f570,,,,
8037f5cfd4bc2da3b3f93e45456ad314,,,,
51955e193bf9ab44aee9775311dc0d66,,,,
4c613b41def49fd86b63ea847c73bc0b,,,,
3f322a6da5089742a03cd1d9762c424e,,,,
e655d64bccdae0cbaa188163cb021763,,,,
32a9425766d7eba07d867054c9a8454e,,,,
5a86afdf727b264828b7f03abdfe49d9,,,,
165035918d5f9dc5e1fa42cb514ebf7a,,,,
dab8819802434ddb6777e780deb05bec,,,,
f5d9701a6f76ed1ef6f7c799a0610765,,,,
847b4b71af329320b834d8e4a31ac7b3,,,,
abc5aa7fce4a405ac33de5705b0ef77d,,,,
32a866d2859dc0b6159f08170197357f,,,,
e9cc85f082b0a97a33c9710aa4d50355,,,,
ee3b2900b474ccbfaa51a2fff555aa0b,,,,
3876a4967790064af1eba46df3c6aae9,,,,
5f724f72b59eceae618b0ba3842ccc2f,,,,
dc467e91b0c13acfd48ffe2cc6fa5f68,,,,
a0a57f1dd1c35420ad141f70d4506970,,,,
11a45a8d5674786fcfc89b63346b6009,,,,
9b262db454bad8cc048435c6e188dc08,,,,
1ad396012f863d115c72d3a6c9b762b8,,,,
a9af8621c4816df10d67de1abbe6242e,,,,
edd8eb4d4b1091b87628ea5eb998f992,,,,
d754535b23dccf0f6aa45122d10c0fa6,,,,
af6f7a9e3750391ab2a8bc7bc36fffa0,,,,
b116e86e06f6565dd3256a9e777e9c54,,,,
3b11b265621db556e52a5245a7423a3c,,,,
fead7880cc1c10b010f3febf2f54e8ed,,,,
0bcc74c718aa1e6fd891a851f1d1665f,,,,
51e5f6ce2ce6a60a6c5ac37ca11074c3,,,,
ca0ec6f1d8c7161ad417087caf258920,,,,
6e138e026e92a100696c783bcfe3d714,,,,
8f5d8286ea3eae24c7f3e160a5a0be64,,,,
06b6e736a6478809b0d0a5e2e3621b52,,,,
47248a4e5152986bdd3d96b45fdf86ac,,,,
d7e78a30c79109ffc0f951f60752f8ef,,,,
a934fda774996d5aea2b57ffd8bc9464,,,,
3f1a4b437b59aa6d3963db186adac953,,,,
e37f2cc6fc26589ca9004753bf24b4d8,,,,
39dc9ecb04d8e7f403c61f14ea9bd51a,,,,
166bf58a95d9df3823f26474c99b0c76,,,,
0b92a1ebcd8ee5505bae4c13e2f999c3,,,,
d0b3fd6200141ac39394a648a7129f59,,,,
6f12777668ce9cc117449280801e5dab,,,,
8ced03c12204a1eadcaf73939dee7bdd,,,,
06c7045e60756998d95140340d0b5723,,,,
6dc02bcdbcf2b71955cb5718256088d1,,,,
ceae561d395f10fb5f08e96e804a3fbf,,,,
84eaf2acfcd4c852d44e0582f0c4a06f,,,,
0b780e33087864ea02fdcf1cbec69879,,,,
d94ff0e19ae621baf53b5defa552c7cd,,,,
2af5a99d1af7808fd4972dc3b4d267f3,,,,
58811e66d4b3f1138d13b4eddb3233e1,,,,
3fb51a81b68d2efc39e0e74d761b7b9e,,,,
6ffc73e44673e7fad9a8eed41257371f,,,,
655c35f51f4f0982dc3d6fc402d36100,,,,
e1bded1283f795e84dd27dbf727829f9,,,,
06b8561181a6369c6e451f8a7e8c76dc,,,,
1b4f93a4d310aaee4f67676d6c829f48,,,,
4e2bfde0806b273bd6ac113417b01374,,,,
be05d13e677796ab346e812900f5a7d0,,,,
135e5df4627a0a6fcf8d21e715907e2f,,,,
d5068fee461dd1b8ba7632cf4ab633ff,,,,
a9dc711c172543eaaad90eba372e0ec9,,,,
868bc19d749583eae91bcdaef8b0efac,,,,
3222495cf3fd2f292538a547af24c396,,,,
60b3e06cc86686136dea2c66cfd68ee6,,,,
8f42171084865d60e8f25feb70b4f666,,,,
5d15f2f1977de294f7687f441677f10f,,,,
ba21f32101fef7881f12329402407fde,,,,
62b8cc9d5d796a827b5516914888840f,,,,
4888170a8f853d664effe73c77c34dd0,,,,
38e35ed7f1adb4331f674e513ac1ca83,,,,
022a56570794d3516cddce7227ec4c6c,,,,
cb5acc006fd67a5ff1e9554f37707a19,,,,
91a1633ff5e3765cb817f59cfe733388,,,,
7a7ab6257e7280fb5a8bfe47bc98f5ee,,,,
d77778c621ae83b21a5e7c8929a25da8,,,,
73cce852f5a02b9f723174a41ced42a4,,,,
22393581fe3e19fcf60cbd88b97d75d0,,,,
5c3e4413168e170566f3f5da5e37dc5a,,,,
a48be1cba797da93e7c1fd466357271a,,,,
1cb17b99c04a258087fb9f4a23070457,,,,
3a6a1bfd77e0582ca30254995cb7b5cf,,,,
3ac26539d6db0e0091be4a8b10fbf367,,,,
976f17e7533cfae682e649ff763e06ce,,,,
327b086bd384df112b754269b3dfbd90,,,,
6b73ccfb1027ee1ef821921a9d650fa5,,,,
4e2634ddc70409224da0a2c1883a0872,,,,
608b80ab777fec13b439d8c28a76cacc,,,,
f44fded9c55231fdf0b2357c585bb7de,,,,
856eb0974fdbfb86adc56f8ceeec25c1,,,,
c914eebcac90f9713fdbefd860514f60,,,,
0df1df177c413d45ccf1305b389d465b,,,,
bc8403dafe403128769db7bc99987ed7,,,,
5bf7c0317e0d19eba4432112a6f61bdf,,,,
98d738f92054ad48f5c4f453db18c5d3,,,,
d230e0b7ebcbdf34dd10aa37ad5c5cd3,,,,
d32d21cdaa97e61a716fe5ca84acfb65,,,,
a0a7244013723d4d990ca9c2a13d7e47,,,,
6406dd69d614a7132887fcf54b8a0847,,,,
094af3cb7e74aa2a6c8e798a80864886,,,,
1caf7ce4568f81ddfa2e863a529f7ebb,,,,
befc2bf155a26100a85b236824609e80,,,,
48b749255fc69f0d6fa917567e86114d,,,,
c99d7ff4ce354999dac6a77fa32b8d89,,,,
c03d15cb7db1336d644f37b524526a6a,,,,
aefcba2a3129ecc3ea8b2cb5be2c5029,,,,
bd366d061b630e5458d2cb462b1b4e66,,,,
77789edfa9e6146b50557b59a258df7f,,,,
c9dce984daf5b9ff6f17b8a78df95a80,,,,
8979266d283bf704697153c8de90ec55,,,,
844bf202465a28c2a5a2007a79abbd41,,,,
e85097bfc35dcb74fa77f8e34db2f89e,,,,
509486692e7e8232c0d74cc53057d860,,,,
c5032281a1395c4bf934da69c45a9e1c,,,,
b230ec44c0483649f620ce966bac8b60,,,,
45a53acef86567edba5628c1ac9020b0,,,,
64d6176d68f9876c9ec16c4d6ea912cd,,,,
4b36b025d3e6c4c5d76ad48535f820c3,,,,
495a428d910e3c461d2da572ade5e662,,,,
974d78e8ae42ea9c4cc773dfa34af5c0,,,,
c923d0dc36790edad9187cf653e96915,,,,
a842d400907fdd0b090faaf93d19bbeb,,,,
b5cf69620d82f03cc0b58fd27a9391b4,,,,
c18202337263ec790db935ec7da2c536,,,,
45f3d4b168ec7af26cfba3bcb29b29c8,,,,
a0b912fb3472af882187e2b86bac9a28,,,,
1194674253fe8efaef26b4cfb8d965a6,,,,
54c314f5f27da8b32202a74e75bf2df7,,,,
ed702214a04ff57135af5e7c25f772b5,,,,
64bdf647246e285f0ba547efe598bd17,,,,
d11b4f6650a03db86ab556f00d128912,,,,
d3af7d82ff4c38236143537ba14458d1,,,,
0195fbb23a5df8274873aaa976e1607f,,,,
88c4bfd4f4027a1a8d6301e5d195da63,,,,
646f181321d234c6aff6b8bdb0bd4590,,,,
3e2d5749e704d7732e83330e9d8c1139,,,,
203ba78a072d3f65ee0154ec7201d723,,,,
abc5198ea00d31a7aff3c26e6a31db88,,,,
8836f2a63ef050b270d77bb8537c5d83,,,,
6b6a9ddf0010c23ccf879f90abe90b8b,,,,
6e84337b7aabfa91a87d4f0ffc0f401f,,,,
c3de86671c4b988e9fd3f5f7be729ef1,,,,
4e8974406736694c219b7dd4065fa8b2,,,,
b3a18ae767a5d3fd2c0b2341caf3fd32,,,,
9e86061dbdf97aeac5a86bb5d6822365,,,,
5427ae69dcd01534f3dbf5f67d9b869c,,,,
dcce6df83514d2dc9a959fc452135e52,,,,
d504ea287a0aa88d94111a611b9f7282,,,,
72ef4cfb9605a3b9d3b575476d178503,,,,
6834305737a145262558e39bd221a11c,,,,
03e1a3c0383e497974da80bca94453a3,,,,
44742c3841671eb448aec5f72dabe2b6,,,,
1d28f52bef8f0178f1a717d9bf081540,,,,
8aa2056839bc6e140e78492d97d31600,,,,
c85763cbda1fcca88a1cd64df41d7dc4,,,,
7111e6123da916f4e3e21e9b1b5db70c,,,,
d875af48a6567cea7b05878069d4d983,,,,
c6a7f87c78c9a5b12c5e10cca213caf0,,,,
1efc206a17c677b7c7eae1f855083789,,,,
8dbfecf24d8c2e8dc839215e79284125,,,,
c7d3c13076a7fdd889d99dc032662865,,,,
d0d276000802d6547213c5556520233a,,,,
15aad19dd70fffab9a9658b1cfe54898,,,,
1f8869bd0c2b047f68b8737136d2904e,,,,
d94c21ecb4256e883ed89d7124aa4935,,,,
a3cdaccc17e57f8dd93fa814758474d2,,,,
83a8034a1f1a17a051405566de2ac0c0,,,,
99272f19374dba40d7e1bf67c1401f3f,,,,
9ccf677d4ae3a49a9d4e98dab5329d0c,,,,
30fc42c3fcb4efb49d834844353acaba,,,,
6ea4911eed20a33161a4c8f7aee28be6,,,,
cda2e497e8052e8aa2cb5522ebe3933a,,,,
83ce370e89fd71a327b42078b5fddca9,,,,
2ed12c42505988ac3a8427fd06affef7,,,,
35de8f2c5fdf0f13d140fd8657fe8cd7,,,,
c8928d1d18493dabc138ee369b450b43,,,,
471c1965d0a5f1cf3a3c6fc238a76bcb,,,,
4a54925033249693dec6ceba517f5ec2,,,,
8576436f49786ca8440d86776610db84,,,,
08bb03ffd7aec6310c22c73f50730738,,,,
93e0432a6bb2bef1ec6a1855a3e2d7cf,,,,
27d0add6905fbb12591256dbbf26a176,,,,
ea4181a4a424162f240388908bf3fe4b,,,,
3e0bdd70261365c6c6b1975971276eca,,,,
9d5a72a6a709a207febc6693d7ce9857,,,,
8a584d4e20cabad4b206887afa7c854a,,,,
218779564794613a5a3fd282dc1a4744,,,,
a56b0f26ee9dc453ed6663fc8aac6539,,,,
04a91b7298a506112702690462330639,,,,
d898afc213c1d1fa8b6cb6248a37a165,,,,
6dbceb4d9249c4017e64e173492c6df1,,,,
0d30609cae6f1abf9bb7c4b499db9bfb,,,,
1a752abb6684d25af7cbbe5128c968c5,,,,
6d024bf53bace1edb9f93a00dec04a12,,,,
13901554b5a83b9d08e4ff941afbfd48,,,,
dcd6115851a95f1e4d2231821071e672,,,,
bd841fa97153028fae84be209cc34de2,,,,
86ebfcaeb5f15912195a3858c21d6d3b,,,,
a541390aff9fa37499153fcd0d1ca219,,,,
c9f7c9a6d4dcc03271663e12320e4479,,,,
b0a0d3810fe1bf3f123fa99450c1bf54,,,,
35c952ff4e5d4729e7c4b4c6d7e7c2e7,,,,
2d8aac23513b6ab291a68ad52dc8ef69,,,,
6c0d59de6ee11ac41f7291ac9d75cd56,,,,
be79f2d88a2f73db31d1cfacb14fd1e6,,,,
f7742aeb4084e43bb6da4f735d82fe07,,,,
a50c2445150d0b978dccb2cac77baa88,,,,
903b2a7c935802a11ee32453cb9633c7,,,,
b2aba5518f7494ad77d5fbbbb7dfa4c4,,,,
ec5379165dadb100acec078680b4b637,,,,
dfe9f3b318f86fb4bd135f93f03d46eb,,,,
0430b379a8d722cfe2dcc50b56817d8e,,,,
ff09a390aeabc40f288df34c5fdfa4a1,,,,
cc4167f4c6fdac56361729debf750c3f,,,,
c39c198a889195c2cb500505524970ac,,,,
27d45d00880f02fae73e669535373e06,,,,
f77823f98a607fb40eee109be427822c,,,,
0694a79a56919753ff45c7f3586cf8ac,,,,
1f71cc3eec9ae9fdb7c770e25583b73b,,,,
d0f2b7e6d77fd1c0cb1e8e3a4a79f1c3,,,,
f6036208fd312bceb105b0c6787e4be5,,,,
3d4a68d723b150750ad637a8c1b065d2,,,,
d92d080aff42f6d7e18f42f0ffcc10c5,,,,
4445f7395452d6e7333b9faf83033029,,,,
4165f49ae98f4346956d66b0453f3f8c,,,,
c58718d05f4fc161254df0456aa61a85,,,,
a5cdedc25b1135b87aadd7fd11ae8a40,,,,
0daa2d1769d3b5649d2ea6d9fd20741b,,,,
6bc39f5191c2dd63722e782ff35c9c99,,,,
0eaa9f40a2a8d384c15ab88cd04ec8b2,,,,
33b6d4c8a0e2db2b37050c2ed17ee3eb,,,,
62f3e907634f8d66b4ac29b2c06507d8,,,,
c70a1478db9efe9672806627e5fda9cc,,,,
cafdccf69a77e5083ff779f4f151c59f,,,,
9f426fb5632880327ccd2313fbf3b9cf,,,,
e63c92caf5a1868aaf4d722c2fa2de29,,,,
a3240dcb5546f5ec159ed4cb3853c6c1,,,,
83625e380246ec252e380807219b5757,,,,
3c80e38844649c948acdacd30b52a451,,,,
3449e33406f8c5aa5fd01fd229e51ba8,,,,
4594a1dfe2c198a1b4e7ca01e8fcb817,,,,
55a1dc7c4e64a8460f3928cbe403e9db,,,,
da20c303c39b02627bf27d51385f202f,,,,
9b188fe1213bec1d69496e36a00bf0cc,,,,
545e665166344ff53931ed35ad54f54c,,,,
432345792a8b85256fd4331d1d189400,,,,
59198db5b4994bf5801a6e101b55a9d0,,,,
0ddadd84915cd43aad7ed7975243fd07,,,,
61954a8432a267fbb2e382c058dfa024,,,,
f9a731a792fec9c3bddaeb1b57d19efb,,,,
7178a4fbd33b5e83c9bebec5c3f2169a,,,,
49e148b9e1829bebe0a9c61665c0de4d,,,,
a7fd83359e0fe48c3c07ea6f02c36763,,,,
ce60a6401da272c357f85a6d3e9cb244,,,,
965e8ca626049ebc6098342f32560bed,,,,
3c6eed410375518040fa25c3aca6eba2,,,,
f2409797441879a222822bb8c686150c,,,,
d0c261a0ac5ef38be54aaa1d15e44dbb,,,,
6ca83eb41ab17fb4ebae84a13c90e983,,,,
120f6c1afe0564db15913415b1475688,,,,
3bd4e10478041a14e5cb39583aada9b0,,,,
286b99733de146e9bb7cae1b9ee6de27,,,,
494b349d097386feb4aba3b487cee63f,,,,
67d4ba815ac6979eac64d49562a16751,,,,
9e65d6dd12f021354e9581d9cc200d1d,,,,
f3c58c15d05aa7341d980943433f9116,,,,
d4a9eb5a33c8403a4a8ac26c070275c8,,,,
d24ace3da4ef0f8550c212995dcde8f7,,,,
e2e932f7946e9e7c57f25dd8d1718d74,,,,
5c61cc9cf8ac4f3785dfcd168a7722f4,,,,
b7d73bcd596a34402ad15b18dd847ba5,,,,
cd0047ddf31043d3dcab2cd970d20e4b,,,,
6bc3d4180a7ad3379d88b15b1bb8cbd9,,,,
c2f6b9496567f4d2a232acd856f789df,,,,
d2c2133604b3bf270c07610c03a6f06e,,,,
602b5a6c46ee24e2d62c408ac93eaaf6,,,,
ea5a2098d1ce4cbf57cea005d5651dc4,,,,
3607d15a7f0ff55b826aa1e8a0c77c7e,,,,
106f6fc6b508eb2001888fb69f77bea9,,,,
3042d6945682f090c106178ba60c5518,,,,
2610d42fdda05ebca30fdcd48bdacff2,,,,
151773fec29d93a543bfd54a5048814c,,,,
11614b522fc6aad64f5c68dfc46e3257,,,,
a259b8f4e73146720d1ebfbdd7a7ef07,,,,
8f9bc531ea61f9ced3d2a8f2a8198df8,,,,
db79852d39b96c1e9d6a6e17f386ce17,,,,
0012b3fa71b240090166290c5e821769,,,,
934f253c35a13d77b0d2b3667f2ac84f,,,,
af0010f04d693a514cb76ea2e034224b,,,,
5259a88fe9a9b8d14acea9c9307d2e30,,,,
8e5f3810c0b4e77c8c2519e3d9a669d7,,,,
219d147a2dfaf611be2ae4db74dfe8c9,,,,
d8dd21626fe12f35e7d5007d39d856df,,,,
cadee7a32c135a1a5c472dcd0680caeb,,,,
eac4ab095a0d582386eda5f59533edac,,,,
8d42d7192c3ef1c1b727a5cfa0ae9bcb,,,,
d9485b6bc2d27d2c55f24a778a16c44d,,,,
6ff110d34d9e180fbe039602ada5e38d,,,,
09283c359f7ca28993af432c5ea38142,,,,
cc0cd13f94258bd67e0dc210b16630d0,,,,
7a146a5c8a85d55742318cad0322898b,,,,
f5e800606d15931975e0023a921d174e,,,,
4267ff073b3ec8259da919393fbafaa1,,,,
20b0df737bbbf19b5f85b5bd8cb30a78,,,,
5af2772c0cd469af5a20c794d68067d2,,,,
e81feaf58e92ff30fea24919b9719cf3,,,,
dcac80cb82a309e1b092622b49280c7e,,,,
99134c15f2f245338fc83adfa92b81f6,,,,
c315fd16cecef3d05ccd84f4dcdd72c0,,,,
0aab80bb873c624c7e7d571977bee773,,,,
041ee29be8c2f6923ab8cdee203e5d5b,,,,
0e62df1a2156e5a4810cd1484eddf08b,,,,
c4048e3634348409ee1568ca874ec148,,,,
913f399f0c43b5a28365d0ab34d46808,,,,
6b7034613480d4e65f8f2776b36cc286,,,,
169cc391eb0adddc4218f30baedd0ecb,,,,
f93dfb91d6a485cc8a0435628a286744,,,,
65433973b29d7b4f0ea49b6da07c36bc,,,,
5c7dab38b48ca271b38667f53c542152,,,,
1dfc85297d775a54afe6d46e9491687a,,,,
097d6f6d4953f0408cdab15097a7eff6,,,,
ebb9c8f32ba61314977068d6a512e180,,,,
09e1012ace26d787cbb50a16d2028471,,,,
db61cf00955955d16a06da6e954f1d23,,,,
adbfc661bb08817f2bc6027fc2ac54d4,,,,
e406dd4de4418f50ec6ff0ac1cf7d59d,,,,
aef1088929ee09d086cca4002a7c5d91,,,,
84ee76a6d743f984b9e2754e05b2e85c,,,,
b195229c113e6bf81a1f79d7ae08692a,,,,
7ab438c884c6115186fbcbfc741b4902,,,,
256bb88528a166e7bb4feae233faa561,,,,
c93e39a1df67fe973aef4ac3d51a20bb,,,,
15f63e430c6eea20ccc8360da356bdbe,,,,
b0240a7411107c9198d61f2ade923300,,,,
6f29be6f83a7881a83b15e35c0761c77,,,,
3011dc90d09b6068f55e0e246b02cb6e,,,,
5fc84fee5a733d28fda54f0bb1f0136e,,,,
af59395231fbcfc6cb07313e089832cb,,,,
d64192b9fc360fee3fed2d570865a3e3,,,,
70b375c4e92d4540e37bb50fc22d574c,,,,
2f29d008653c6467f66da48bbbfb8716,,,,
fd8963a7f122d6e69642fc8288464da3,,,,
4bf875c4178861be985060b7f236478b,,,,
088bbafc6f6822d274a7eb620fbb4024,,,,
712512911af893d6dd0bca02bf3d57bb,,,,
4f79928e31142ea5fb73427992b2d55c,,,,
a1c6240a45ce062a718a1f257a65ca2d,,,,
a5451b45126f81a9bb699f70b0e1bd7b,,,,
e5eb744f503a9e8b8fb996d71bcdc09a,,,,
7cb858869dd068a4b2fd7aae4d657ff9,,,,
8b14911a4c002f2a388b037fc0690307,,,,
47f159959228c912973e156a7bab0c64,,,,
dfb5c36cdef946660158969e3221e8a7,,,,
330c4e454a2d0a4b2eb4515dab74074d,,,,
c3acde5c42bb9de5b45b96ceaea61799,,,,
38c6bbffa6f722ec27761a4904201909,,,,
3f04468fea26763821706a855c82eef2,,,,
7611b80d9056406c82cc94d890e2c5f5,,,,
0e4f9d833480f62e5939762a5961a0bb,,,,
477f087eb996274856499999bd8b45eb,,,,
a3ab7f755d2c3079e15328e469f841fb,,,,
511d32513d88111309305c163e1dcab6,,,,
51a20d581fe61d175910a220e982cd3e,,,,
ac53d7462424187966ec41400422ba13,,,,
bf778905bbff6963bd2656c1f3a17102,,,,
ce7fa66f38b409b239d7aad7627f4370,,,,
5d9d20184eb67810b122f771c2791e20,,,,
3497da79e87eb8881ca5ee80b3d26205,,,,
e8de5fbe52511e2db3559c0b88329dc0,,,,
57b0f5703bd509992bfd1bf000a4410c,,,,
2c2fecb23a8b0bc80ff505e440e54f7f,,,,
fc8b20e1202ca58ae652e8bad96bd9e1,,,,
1776b7217a105d89ac39b6e10703b19c,,,,
8cc52a4ddd9a66b4bfdae9cc34c29456,,,,
66e6b642e0b3a276b44fce8ab93cd4dd,,,,
8d022d0ca420d7eea5414fdd881cd614,,,,
94b788c58d405ce61331c47f1b422df0,,,,
91d7a5e448f972dea8241397abe23fb7,,,,
958151a9d5a16e219283496dd0d54869,,,,
95803d2dbbc3fca21800d4c3dfe6f943,,,,
f1fecdfefcb37dfe6f2dac0fca09238c,,,,
a436bf8fcb4273ff1fe4669fcced392e,,,,
24e2bea1f9a64b3694a1f2f9a620ae02,,,,
a01ed207675af50a9a6bb1574943a7b8,,,,
c71fd7e85d31e85312012f15553bd5d6,,,,
c8c0c4c38cbbc758337e67cf199d2c4c,,,,
e3c309b9074d79681a32766f087de00c,,,,
be55cbd7eb0031e5d7219d79458809b1,,,,
6601815d44e4e89c903ef24014d3b781,,,,
a34fb82821cd14d113d2a36236f4fcce,,,,
8b406e214e52b6aa6f35053b959758f7,,,,
8b9df4db5c301686304cd6e67b406f35,,,,
737f5789fe171b8f9b8481ff8f7548e8,,,,
ab94844d3c40243996ebb102c608ff25,,,,
0c8abd8c89622e002be1018f584b82b1,,,,
a728ab3b1988ea9228bf73b6e21d1a70,,,,
044653f21e768f7bf8181e5fa93a1d7c,,,,
b1d542b76d984ef423c96da4af2a6092,,,,
6123a2148f808349df7acf6cc9726459,,,,
04738428f0c50ba7ab9a255c7d7b2686,,,,
1904e49139f4b5125c6677be8dd12057,,,,
e341f6aaf33f8e80e533ba293cc206de,,,,
40939ea2d890e94a933f142e943f83a7,,,,
755acaa4126ca7aa7e36204c6745872f,,,,
93621606752d1c155a739e5d68dfa815,,,,
d1cb3bb75b116be2c47f54af7248f9d0,,,,
d52523cf9dd272d557b9d7bdfafbe3b3,,,,
3e930d83bb7cc97f49312c6d2db94603,,,,
bc0ed730d01935a7dac60959035421a4,,,,
c32902f8639116fe2b14b4accdd4fdd7,,,,
a5fe9d0eed9f08f2d103f75ff62e602f,,,,
35a46fe3d8885d5c992fdbf987450822,,,,
c58251b45b4eaa6c14f324bdbc854038,,,,
0659da05cc8445d06f50d551593aeb44,,,,
b9f3cfb9f59c84a94022d6ba0fb4238f,,,,
561c66b2bc93592e017cd48f395eee67,,,,
f16e8d507884064f4acbd2ac69dc2899,,,,
8717cb41c551ce4cc4541d890d3249e8,,,,
4d531160d4c7c66b80c005cba592bfa4,,,,
7d9c0558dff6b168df27a1a1e3cff3a8,,,,
